"Target","slope","R2","Efficiency","MeltTm"
"MyoD-prom",-3.73558009465935,0.991910774841328,85.2234803837609,NA
"MyoD-prom-upstr",-3.76935813920293,0.990754865789654,84.2031944761957,80.5
"RBFOX3-pro",-3.82849062656153,0.998796488878988,82.47339083918,85
"RBFOX3-enhan",-3.6992811796098,0.997178669793554,86.3471639089351,83
"Maria_GAPDH",-3.51907089552633,0.995070060525257,92.3826553317894,NA
